node_id,neighbors_with_weights
0,"[(1, 33.09819710247905), (2, 14.673077264844721)]"
1,"[(64, 48.728746260127004)]"
2,"[(471, 21.395134912403027)]"
3,"[(4, 7.869147902997924), (5, 43.45092988313633)]"
4,"[(15, 85.06498371722236), (3, 7.869147902997924)]"
5,"[(733, 2.7767458957477666)]"
6,"[(7, 22.533065928263596), (8, 19.48335345639437), (9, 11.308352986045248), (10, 25.267998912464183)]"
7,"[(519, 50.48523509529139), (6, 22.533065928263596)]"
8,"[(520, 21.64123631076586)]"
9,"[(14, 50.86029044729938), (6, 11.308352986045248)]"
10,"[(20, 66.84880588109621), (6, 25.267998912464183)]"
11,"[(12, 32.391406715443935), (13, 15.347815425042997), (757, 50)]"
12,"[(758, 50)]"
13,"[(543, 13.98566063220954)]"
14,"[(9, 50.86029044729938), (16, 55.10475172801714), (759, 50)]"
15,"[(4, 85.06498371722236), (272, 40.30209577438289), (275, 38.82878228728859), (760, 50)]"
16,"[(276, 59.09711554504917)]"
17,"[(18, 67.64150377107222), (19, 75.54678182266363), (20, 23.544393602929162)]"
18,"[(17, 67.64150377107222), (61, 26.939701168667835), (58, 80.9569117667312)]"
19,"[(21, 17.191788041214135), (17, 75.54678182266363)]"
20,"[(555, 3.298117418640395), (17, 23.544393602929162), (10, 66.84880588109621)]"
21,"[(22, 9.777850820728764), (23, 12.064161229566501), (24, 13.532443358664237), (19, 17.191788041214135)]"
22,"[(522, 15.213964539969368), (21, 9.777850820728764)]"
23,"[(21, 12.064161229566501), (58, 30.28420063077651)]"
24,"[(521, 39.42393353419263), (21, 13.532443358664237)]"
25,"[(26, 50.208210027009066), (27, 58.530964508189), (28, 34.69626669050034)]"
26,"[(51, 27.25087969652174), (25, 50.208210027009066), (264, 18.251329551775246), (265, 23.768202193203262)]"
27,"[(29, 17.70773056270007), (25, 58.530964508189)]"
28,"[(25, 34.69626669050034), (638, 17.673939250976588), (642, 22.117823994674485)]"
29,"[(568, 33.006929180953726), (27, 17.70773056270007), (624, 22.259730816625087)]"
30,"[(31, 11.45572360880918), (32, 11.007699384196094), (33, 10.21377861843247), (34, 10.307310624352931)]"
31,"[(539, 10.917072155978436), (30, 11.45572360880918)]"
32,"[(30, 11.007699384196094), (537, 11.341453491835573)]"
33,"[(538, 21.354410646126386), (30, 10.21377861843247)]"
34,"[(30, 10.307310624352931), (438, 33.19662438026184)]"
35,"[(36, 7.21184061138378), (37, 15.287416850789704), (38, 11.872081020433201), (39, 16.3855785322832)]"
36,"[(47, 66.45797677603623), (35, 7.21184061138378)]"
37,"[(35, 15.287416850789704), (439, 27.77276316331646)]"
38,"[(42, 33.18158976332053), (35, 11.872081020433201)]"
39,"[(35, 16.3855785322832), (539, 41.43164938175012)]"
40,"[(41, 11.810157341963066), (42, 8.185535743704383), (43, 11.640005431850787), (44, 33.018049207160146)]"
41,"[(540, 32.85567477322867), (40, 11.810157341963066)]"
42,"[(40, 8.185535743704383), (38, 33.18158976332053)]"
43,"[(138, 25.239617568730928), (40, 11.640005431850787)]"
44,"[(40, 33.018049207160146)]"
45,"[(46, 22.45249894651434), (47, 54.322107124565804), (48, 80.20789064884372)]"
46,"[(94, 21.942395811266014), (45, 22.45249894651434), (225, 17.272604431960676)]"
47,"[(45, 54.322107124565804), (36, 66.45797677603623), (269, 7.180231832365744)]"
48,"[(52, 23.30846398440148), (45, 80.20789064884372), (53, 8.611125714173216)]"
49,"[(50, 48.31592954403456), (51, 34.35426347110612)]"
50,"[(590, 29.98158424015953), (592, 21.75528650578836)]"
51,"[(49, 34.35426347110612), (26, 27.25087969652174), (629, 42.541954047220905), (630, 40.33041894834125)]"
52,"[(411, 54.456984192892605), (101, 41.85870746872604), (48, 23.30846398440148)]"
53,"[(48, 8.611125714173216), (542, 47.518503932749944)]"
54,"[(55, 7.081487588586313), (56, 54.22082075448089), (57, 40.923492899662584)]"
55,"[(54, 7.081487588586313), (523, 31.704435096992558)]"
56,"[(268, 61.867409123083384), (49, 58.15884073395301)]"
57,"[(261, 11.95317826881528), (54, 40.923492899662584)]"
58,"[(23, 30.28420063077651), (59, 15.919318631522302), (60, 28.652318330704233), (18, 80.9569117667312)]"
59,"[(58, 15.919318631522302), (619, 29.45894370596218), (620, 38.35418010761116)]"
60,"[(58, 28.652318330704233), (643, 42.118604221816966)]"
61,"[(18, 26.939701168667835), (610, 10.504343349142626), (614, 26.75303753757516), (613, 30.921676345701172)]"
62,"[(63, 3.232230776509261)]"
63,[]
64,"[(65, 6.756533647001564)]"
65,"[(653, 47.09852655635971), (514, 4.369215159725929)]"
66,"[(67, 5.127336314105248), (68, 20.051523959609483)]"
67,"[(365, 3.162699129329632), (374, 10.33579461282069), (66, 5.127336314105248)]"
68,"[(323, 14.237962657587284), (479, 12.029161208430649)]"
69,"[(70, 18.523039761533205)]"
70,"[(734, 6.8370069055019)]"
71,"[(72, 49.493995831572214)]"
72,"[(107, 53.69774635490807), (108, 38.8835721996813)]"
73,"[(74, 8.741926311822086), (75, 11.56518788787453), (76, 15.084907375552397)]"
74,"[(508, 33.84970217300894), (346, 11.829352213260288)]"
75,"[(73, 11.56518788787453), (345, 7.542800504063856), (346, 8.994906865076851), (347, 10.892127481453045)]"
76,"[(11, 37.705847538205894), (412, 13.51261896492272)]"
77,"[(78, 10.12117435188537)]"
78,"[(737, 5.136340394372529)]"
79,"[(80, 46.071903523474), (77, 68.03608012442614)]"
80,"[(421, 43.83621833285219), (79, 46.071903523474)]"
81,"[(82, 18.764103299840553), (83, 12.68557496658011), (84, 10.842954842174116)]"
82,"[(336, 11.473863428435259), (79, 73.17210031556566)]"
83,"[(81, 12.68557496658011), (106, 14.041656913495222)]"
84,"[(336, 18.85632690097542), (81, 10.842954842174116), (286, 12.53504334369021)]"
85,"[(86, 58.29132656216527)]"
86,"[(69, 23.965791914045234), (329, 13.845177157390506)]"
87,"[(88, 15.035906778149876)]"
88,"[(299, 1.8722410257552524)]"
89,"[(90, 5.19092783128328)]"
90,"[(410, 4.7912322232428215)]"
91,"[(92, 15.522745647359109), (93, 6.413707022165713)]"
92,"[(281, 15.423916416901802)]"
93,"[(91, 6.413707022165713), (241, 49.95373655065976), (692 , 10)]"
94,"[(95, 57.02091609403305), (46, 21.942395811266014)]"
95,"[(96, 66.04392303137405), (94, 57.02091609403305)]"
96,"[(97, 45.278220007004236), (95, 66.04392303137405)]"
97,"[(96, 45.278220007004236), (98, 68.649776100993), (99, 48.62254294755305), (761, 50)]"
98,"[(212, 6.3652529745891515), (97, 68.649776100993)]"
99,"[(257, 49.09783644940142), (97, 48.62254294755305)]"
100,"[(103, 12.63944077976475), (762, 50)]"
101,"[(102, 41.308798799535474), (52, 41.85870746872604)]"
102,"[(103, 28.67534965934533), (101, 41.308798799535474)]"
103,"[(104, 12.04666297432665), (100, 12.63944077976475), (102, 28.67534965934533), (105, 64.43521815190502)]"
104,"[(541, 51.792871439369)]"
105,"[(106, 35.41063209237099), (103, 64.43521815190502)]"
106,"[(83, 14.041656913495222), (105, 35.41063209237099)]"
107,"[(354, 64.20022021637233)]"
108,"[(416, 61.283799201036665), (417, 19.748035260921963), (418, 14.264953521943125), (263, 47.76255868416234), (419, 31.809115511172735)]"
109,"[(110, 5.498974851455985), (111, 13.15360269134745)]"
110,"[(386, 6.44827177691164), (109, 5.498974851455985)]"
111,"[(109, 13.15360269134745), (112, 14.165577229252508)]"
112,"[(111, 14.165577229252508), (113, 21.2405307561209)]"
113,"[(112, 21.2405307561209), (126, 9.768052387760784)]"
114,"[(115, 2.7876289063457196), (116, 30.4286066460263), (117, 4.845492500878833)]"
115,"[(114, 2.7876289063457196), (180, 15.249269349788637)]"
116,"[(135, 29.12427852309312), (114, 30.4286066460263)]"
117,"[(114, 4.845492500878833), (118, 45.43873877966747)]"
118,"[(119, 10.705986309466605), (120, 5.156904538329432), (117, 45.43873877966747)]"
119,"[(118, 10.705986309466605), (387, 7.199235618712906)]"
120,"[(118, 5.156904538329432), (182, 34.988695047870834)]"
121,"[(122, 21.692559703318206), (123, 18.75814301298431)]"
122,"[(128, 9.831534753268798), (121, 21.692559703318206)]"
123,"[(121, 18.75814301298431), (124, 28.312254373061993), (125, 24.473513882250813)]"
124,"[(123, 28.312254373061993), (154, 38.63167493336817)]"
125,"[(173, 24.37514620758385), (175, 8.149444511043372), (123, 24.473513882250813)]"
126,"[(113, 9.768052387760784), (127, 10.504739274360338)]"
127,"[(126, 10.504739274360338), (128, 7.259422529308148)]"
128,"[(127, 7.259422529308148), (122, 9.831534753268798)]"
129,"[(130, 64.10193235479224), (131, 2.8978656141183796), (132, 18.870058420914756)]"
130,"[(171, 24.863876190461692), (172, 32.26789585175969), (129, 64.10193235479224), (135, 60.7341542769573)]"
131,"[(133, 27.307915903557507), (129, 2.8978656141183796), (152, 25.968537890164285)]"
132,"[(129, 18.870058420914756), (237, 19.54641252644118)]"
133,"[(134, 34.715119099316055), (131, 27.307915903557507)]"
134,"[(176, 19.005174581605043), (175, 18.04802134741243), (133, 34.715119099316055)]"
135,"[(136, 7.40637033137002), (130, 60.7341542769573), (137, 8.346929976359988), (116, 29.12427852309312)]"
136,"[(229, 10.038007837842384), (135, 7.40637033137002)]"
137,"[(135, 8.346929976359988), (227, 9.816904319510567)]"
138,"[(139, 17.88657236062334), (43, 25.239617568730928)]"
139,"[(475, 7.194967361376411), (142, 7.553095609153372), (138, 17.88657236062334)]"
140,"[(141, 11.40862031013619), (142, 8.977972823848482)]"
141,"[(143, 13.460994728952038), (140, 11.40862031013619)]"
142,"[(140, 8.977972823848482), (139, 7.553095609153372)]"
143,"[(144, 6.755347093511057), (141, 13.460994728952038)]"
144,"[(353, 7.55666580133912), (143, 6.755347093511057)]"
145,"[(146, 17.736630781296977), (147, 5.985041056322055)]"
146,"[(145, 17.736630781296977), (156, 15.656430408505091), (157, 8.137476873499377)]"
147,"[(145, 5.985041056322055), (353, 5.684491056954079)]"
148,"[(149, 11.465237543396539), (150, 3.4854929611407983)]"
149,"[(153, 11.965218508529272), (148, 11.465237543396539)]"
150,"[(148, 3.4854929611407983), (164, 15.528765616168593), (238, 35.37600843954726)]"
151,"[(152, 14.39817689363064), (153, 20.354713110703063)]"
152,"[(155, 5.5759776990112595), (151, 14.39817689363064), (131, 25.968537890164285)]"
153,"[(151, 20.354713110703063), (149, 11.965218508529272)]"
154,"[(124, 38.63167493336817), (155, 17.35780385649313)]"
155,"[(154, 17.35780385649313), (152, 5.5759776990112595)]"
156,"[(160, 9.01028734831598), (146, 15.656430408505091)]"
157,"[(729, 20.2680056822075), (146, 8.137476873499377)]"
158,"[(159, 9.626415572732077), (160, 14.396508187101198)]"
159,"[(165, 8.83229912322842), (158, 9.626415572732077)]"
160,"[(158, 14.396508187101198), (156, 9.01028734831598), (236, 7.0411776960792265)]"
161,"[(162, 29.29712996151898), (163, 12.480923658520842)]"
162,"[(164, 16.04409514466282), (161, 29.29712996151898)]"
163,"[(161, 12.480923658520842), (165, 12.112404232273773)]"
164,"[(150, 15.528765616168593), (162, 16.04409514466282)]"
165,"[(163, 12.112404232273773), (159, 8.83229912322842)]"
166,"[(167, 25.412356780289407), (168, 32.27608224041575), (169, 17.889968317896813), (170, 39.04080164289712)]"
167,"[(166, 25.412356780289407), (171, 16.13231185106847)]"
168,"[(166, 32.27608224041575), (233, 12.981645756194364)]"
169,"[(240, 14.04592387797787), (166, 17.889968317896813)]"
170,"[(235, 3.7380231748503308), (166, 39.04080164289712)]"
171,"[(167, 16.13231185106847), (130, 24.863876190461692)]"
172,"[(130, 32.26789585175969), (178, 19.777581786143497)]"
173,"[(174, 5.507756116429894), (125, 24.37514620758385)]"
174,"[(183, 7.231899769713712), (173, 5.507756116429894)]"
175,"[(125, 8.149444511043372), (134, 18.04802134741243)]"
176,"[(181, 21.104530800498505), (134, 19.005174581605043)]"
177,"[(178, 10.604340941560812), (179, 32.17787972981014), (180, 34.80215601774327), (181, 19.15917967055085)]"
178,"[(172, 19.777581786143497), (177, 10.604340941560812)]"
179,"[(177, 32.17787972981014), (182, 17.17728659708732)]"
180,"[(115, 15.249269349788637), (177, 34.80215601774327)]"
181,"[(177, 19.15917967055085), (176, 21.104530800498505)]"
182,"[(179, 17.17728659708732), (120, 34.988695047870834), (183, 29.628986137966237)]"
183,"[(182, 29.628986137966237), (174, 7.231899769713712)]"
184,"[(91, 54.53207361801231), (185, 6.7524235604302785),(687,10)]"
185,"[(184, 6.7524235604302785), (187, 32.729495636353384)]"
186,"[(187, 7.955630425767204), (188, 28.41931153008255)]"
187,"[(185, 32.729495636353384), (186, 7.955630425767204)]"
188,"[(186, 28.41931153008255), (189, 6.814001791996256), (242, 42.75642340653097)]"
189,"[(188, 6.814001791996256), (190, 25.365849450029604)]"
190,"[(303, 12.586296784108416), (189, 25.365849450029604), (191, 14.778579191402914)]"
191,"[(190, 14.778579191402914), (192, 38.81107412821965)]"
192,"[(191, 38.81107412821965), (194, 30.027796552266132), (604, 18.8322487818408)]"
193,"[(194, 7.566581709151206), (195, 9.41501463639366)]"
194,"[(192, 30.027796552266132), (193, 7.566581709151206)]"
195,"[(193, 9.41501463639366), (196, 11.763692974482527)]"
196,"[(195, 11.763692974482527), (198, 7.52628216876935)]"
197,"[(198, 28.871003558224253), (199, 4.8619417199797725)]"
198,"[(196, 7.52628216876935), (197, 28.871003558224253), (545, 24.295608205164942)]"
199,"[(197, 4.8619417199797725), (200, 30.81269243989873), (600, 11.445538894003116)]"
200,"[(199, 30.81269243989873), (201, 7.154821353719347)]"
201,"[(200, 7.154821353719347), (544, 8.45801946010336)]"
202,"[(203, 9.241230851822019), (204, 23.38980648849875)]"
203,"[(544, 7.824766793558077), (202, 9.241230851822019)]"
204,"[(205, 16.84450102721908), (202, 23.38980648849875), (206, 20.998956607823867)]"
205,"[(204, 16.84450102721908), (309, 35.55697200602725)]"
206,"[(204, 20.998956607823867), (207, 20.98965520989475)]"
207,"[(206, 20.98965520989475), (208, 21.5034741231601)]"
208,"[(207, 21.5034741231601), (209, 35.32945473742622)]"
209,"[(208, 35.32945473742622), (210, 26.529949223256548)]"
210,"[(209, 26.529949223256548), (211, 23.992094760868955)]"
211,"[(210, 23.992094760868955), (212, 5.612315190119536)]"
212,"[(213, 22.575823343045727), (98, 6.3652529745891515), (214, 6.995102292695167), (211, 5.612315190119536)]"
213,"[(212, 22.575823343045727), (226, 17.86316059760106)]"
214,"[(212, 6.995102292695167), (215, 6.401709248269052)]"
215,"[(214, 6.401709248269052), (216, 26.313327926780534)]"
216,"[(215, 26.313327926780534), (217, 38.042263053851684)]"
217,"[(216, 38.042263053851684), (218, 21.255143503011336)]"
218,"[(217, 21.255143503011336), (219, 26.015254233158586)]"
219,"[(218, 26.015254233158586), (220, 11.64152015853478)]"
220,"[(219, 11.64152015853478), (222, 3.8644426267424854)]"
221,"[(222, 4.618936076070964), (223, 6.02847240042219)]"
222,"[(220, 3.8644426267424854), (221, 4.618936076070964)]"
223,"[(221, 6.02847240042219), (224, 23.945619092686904)]"
224,"[(223, 23.945619092686904), (225, 8.087962970362367)]"
225,"[(224, 8.087962970362367), (46, 17.272604431960676)]"
226,"[(213, 17.86316059760106), (227, 5.62521110208527), (228, 9.742288740212219)]"
227,"[(137, 9.816904319510567), (226, 5.62521110208527)]"
228,"[(226, 9.742288740212219), (727, 7.724080978162545)]"
229,"[(230, 21.209746982830026), (136, 10.038007837842384)]"
230,"[(231, 16.13802435462043), (229, 21.209746982830026)]"
231,"[(232, 11.650572622571822), (230, 16.13802435462043)]"
232,"[(234, 4.7457046315766265), (231, 11.650572622571822)]"
233,"[(168, 12.981645756194364), (234, 3.9573667418355916)]"
234,"[(233, 3.9573667418355916), (232, 4.7457046315766265)]"
235,"[(536, 25.67600289216621), (236, 31.71574386847262), (170, 3.7380231748503308)]"
236,"[(160, 7.0411776960792265), (235, 31.71574386847262)]"
237,"[(132, 19.54641252644118), (238, 5.071479687971621)]"
238,"[(237, 5.071479687971621), (239, 18.920271718070595), (150, 35.37600843954726)]"
239,"[(238, 18.920271718070595), (240, 7.41612632276635)]"
240,"[(239, 7.41612632276635), (169, 14.04592387797787)]"
241,"[(93, 49.95373655065976), (242, 28.694454850522952)]"
242,"[(188, 42.75642340653097), (241, 28.694454850522952), (243, 19.020783100515878)]"
243,"[(242, 19.020783100515878), (244, 4.221451583864697)]"
244,"[(246, 27.85332119196997), (243, 4.221451583864697)]"
245,"[(246, 36.45176293833676), (247, 15.076126805381874)]"
246,"[(244, 27.85332119196997), (245, 36.45176293833676), (608, 37.908024054908644)]"
247,"[(245, 15.076126805381874), (248, 17.639378470393922), (606, 37.83181351979228)]"
248,"[(247, 17.639378470393922), (249, 6.842007301407534)]"
249,"[(248, 6.842007301407534), (251, 15.90491107557944), (598, 15.490865638508327)]"
250,"[(251, 24.629041728911634), (252, 9.479543683710869)]"
251,"[(249, 15.90491107557944), (250, 24.629041728911634), (602, 42.773251143409865)]"
252,"[(250, 9.479543683710869), (304, 23.743268124961173)]"
253,"[(254, 22.493385909804747)]"
254,"[(298, 9.850955536177564)]"
255,"[(763, 50)]"
256,"[(490, 27.027287065993878)]"
257,"[(308, 51.808885323644866), (99, 49.09783644940142)]"
258,"[(259, 2.498850228575771), (260, 77.09765746541017)]"
259,"[(258, 2.498850228575771), (270, 89.48751771436508)]"
260,[]
261,"[(262, 11.3875105561642), (263, 10.292815663792663), (57, 11.95317826881528)]"
262,"[(764, 50)]"
263,"[(108, 47.76255868416234), (261, 10.292815663792663)]"
264,"[(26, 18.251329551775246), (266, 20.564416579819493)]"
265,"[(268, 30.497316298051306), (26, 23.768202193203262), (631, 37.89378148079872)]"
266,"[(264, 20.564416579819493)]"
267,"[(268, 13.995301229887826)]"
268,"[(267, 13.995301229887826), (265, 30.497316298051306), (56, 61.867409123083384)]"
269,"[(47, 7.180231832365744), (472, 8.057157912376924)]"
270,"[(259, 89.48751771436508), (271, 24.819271092097633), (272, 28.663182097082775)]"
271,"[(388, 14.272545493270856), (270, 24.819271092097633)]"
272,"[(453, 21.734274117078932), (270, 28.663182097082775), (15, 40.30209577438289)]"
273,"[(274, 63.286885986048986), (275, 54.20286819649103)]"
274,"[(258, 6.028407554636533)]"
275,"[(465, 23.917031089905667), (15, 38.82878228728859), (273, 54.20286819649103)]"
276,"[(343, 12.699181224750454)]"
277,"[(278, 35.78035274263155)]"
278,"[(73, 7.744437194684284), (345, 11.153344510793444)]"
279,"[(280, 10.39509780480489)]"
280,"[(311, 24.375989571051065), (312, 19.034940061286868)]"
281,"[(722, 15.963428719022932), (513, 35.77160858542576)]"
282,"[(283, 27.238391602842874)]"
283,"[(253, 96.86450629861876)]"
284,"[(285, 70.29753791954202)]"
285,"[(396, 27.073750940363357)]"
286,"[(287, 19.548254590663376), (84, 12.53504334369021)]"
287,"[(488, 12.62958673397368), (765, 50)]"
288,"[(769, 50)]"
289,"[(518, 9.41065584688298)]"
290,"[(291, 14.090002032970501)]"
291,"[(279, 3.6292542009204816)]"
292,"[(293, 41.655091430052785), (294, 26.65408674868284)]"
293,"[(352, 46.23715016737662), (292, 41.655091430052785)]"
294,"[(292, 26.65408674868284), (393, 25.16716263499238)]"
295,"[(296, 41.643764980948106), (297, 9.811613150187647)]"
296,"[(431, 5.74305437539707), (430, 7.107245456519521)]"
297,"[(424, 33.020741515035496), (295, 9.811613150187647)]"
298,"[(255, 77.58826833196821)]"
299,"[(546, 6.180095339997253), (547, 5.111209244062194)]"
300,"[(301, 17.32227524715535), (302, 3.9152269400194704)]"
301,"[(300, 17.32227524715535)]"
302,"[(300, 3.9152269400194704), (403, 20.216758158770954), (718, 4.888830044518188)]"
303,"[(244, 30.85322101114009), (594, 11.448674380327585)]"
304,"[(252, 23.743268124961173), (305, 11.088121214486412)]"
305,"[(304, 11.088121214486412), (306, 11.71616827132127)]"
306,"[(305, 11.71616827132127), (307, 28.29008073057679)]"
307,"[(306, 28.29008073057679), (310, 28.581375376234647)]"
308,"[(309, 15.167761213370321), (257, 51.808885323644866)]"
309,"[(310, 28.766921806369403), (308, 15.167761213370321), (205, 35.55697200602725)]"
310,"[(307, 28.581375376234647), (309, 28.766921806369403)]"
311,"[(319, 17.717430802983845), (321, 13.121245765009492)]"
312,"[(271, 15.72205709282332)]"
313,"[(314, 21.851188949596548)]"
314,"[(318, 23.482877141626773)]"
315,"[(316, 8.698682277035461)]"
316,"[(260, 21.676126838184878)]"
317,"[(315, 14.102582370275279)]"
318,"[(440, 3.8515298384379926), (441, 16.44169435646053)]"
319,"[(320, 4.8580767593810155)]"
320,"[(679, 32.52846681224229)]"
321,"[(375, 80.86220863704717), (311, 13.121245765009492), (322, 6.817593690973843)]"
322,"[(313, 8.432046350714455), (321, 6.817593690973843)]"
323,"[(324, 10.430547864989224)]"
324,"[(325, 37.02525086019321)]"
325,"[(680, 33.48965433654564)]"
326,"[(327, 3.2361929742851774)]"
327,"[(276, 5.712002334531673)]"
328,"[(329, 25.105312994905553), (330, 2.254018267718499)]"
329,"[(333, 50.33218677667335), (328, 25.105312994905553), (86, 13.845177157390506)]"
330,"[(328, 2.254018267718499), (735, 16.075473444421984)]"
331,"[(332, 11.578718071920001), (770, 50)]"
332,"[(344, 10.267121837467663), (331, 11.578718071920001)]"
333,"[(329, 50.33218677667335), (772, 50)]"
334,"[(335, 49.55420910394912), (336, 77.62844670201275)]"
335,"[(334, 49.55420910394912), (735, 7.028188435704807)]"
336,"[(82, 11.473863428435259), (392, 14.028230416175703), (334, 77.62844670201275), (84, 18.85632690097542)]"
337,"[(338, 13.160786244059397)]"
338,"[(486, 10.078826735044604), (774, 50)]"
339,"[(341, 45.17010632986889), (775, 50)]"
340,"[(342, 11.217671325032669), (776, 50)]"
341,"[(339, 45.17010632986889), (346, 43.95434089760936)]"
342,"[(326, 7.592265007854375)]"
343,"[(290, 10.965482602949983)]"
344,"[(345, 43.01290982022546), (332, 10.267121837467663)]"
345,"[(75, 7.542800504063856), (344, 43.01290982022546), (390, 11.000304639664401), (278, 11.153344510793444)]"
346,"[(482, 11.108837005645496), (74, 11.829352213260288), (341, 43.95434089760936), (75, 8.994906865076851)]"
347,"[(390, 7.525959911591551), (75, 10.892127481453045)]"
348,"[(349, 57.00056781726508)]"
349,"[(350, 61.231970323413215)]"
350,"[(351, 82.97281559113968)]"
351,"[(499, 20.156505421014817)]"
352,"[(293, 46.23715016737662), (485, 33.987282449018196)]"
353,"[(147, 5.684491056954079), (144, 7.55666580133912)]"
354,"[(355, 10.20535571227042)]"
355,"[(277, 10.52035332467514)]"
356,"[(357, 3.5811884406294467), (358, 4.790579740205716)]"
357,"[(362, 3.58048608327702), (356, 3.5811884406294467)]"
358,"[(356, 4.790579740205716), (366, 6.9914702307432695), (367, 2.2053569486796474)]"
359,"[(360, 3.5530176448610273), (361, 3.579929697374754)]"
360,"[(368, 4.0164837440208645), (359, 3.5530176448610273)]"
361,"[(359, 3.579929697374754), (362, 3.9756542356547446), (363, 7.110916895498315)]"
362,"[(361, 3.9756542356547446), (357, 3.58048608327702)]"
363,"[(361, 7.110916895498315), (376, 0.6678190915312526), (377, 1.7122667485858354)]"
364,"[(365, 2.708587836337676)]"
365,"[(364, 2.708587836337676), (368, 3.0957627188669647), (67, 3.162699129329632), (369, 7.6167468927355575)]"
366,"[(358, 6.9914702307432695), (383, 1.5151148199268576), (382, 0.9313714385151567)]"
367,"[(370, 11.818288834133867), (358, 2.2053569486796474)]"
368,"[(365, 3.0957627188669647), (360, 4.0164837440208645)]"
369,"[(373, 1.3525384657286175), (385, 0.6611258216279771), (365, 7.6167468927355575)]"
370,"[(378, 14.470738889834815), (367, 11.818288834133867)]"
371,"[(372, 0.8355759270515525), (373, 1.1412316626781962)]"
372,"[(384, 0.8412654920264466), (371, 0.8355759270515525)]"
373,"[(371, 1.1412316626781962), (369, 1.3525384657286175)]"
374,"[(67, 10.33579461282069), (375, 31.63209083729149)]"
375,"[(374, 31.63209083729149), (321, 80.86220863704717), (378, 15.819910393951782)]"
376,"[(379, 1.1951078163828763), (363, 0.6678190915312526)]"
377,"[(363, 1.7122667485858354), (383, 1.203102218912761)]"
378,"[(375, 15.819910393951782), (370, 14.470738889834815)]"
379,"[(380, 0.9558216749016853), (376, 1.1951078163828763)]"
380,"[(385, 0.8854677767653766), (379, 0.9558216749016853)]"
381,"[(382, 1.2563286188686726)]"
382,"[(366, 0.9313714385151567), (381, 1.2563286188686726)]"
383,"[(377, 1.203102218912761), (366, 1.5151148199268576)]"
384,"[(372, 0.8412654920264466)]"
385,"[(369, 0.6611258216279771), (380, 0.8854677767653766)]"
386,"[(387, 5.485525778629621), (110, 6.44827177691164)]"
387,"[(119, 7.199235618712906), (386, 5.485525778629621)]"
388,"[(389, 69.36441378851865)]"
389,"[(316, 11.153195841364175)]"
390,"[(481, 49.852989618876485), (345, 11.000304639664401)]"
391,"[(392, 92.08540509205946)]"
392,"[(286, 18.730710562862658), (336, 14.028230416175703)]"
393,"[(294, 25.16716263499238), (394, 29.62618893739034)]"
394,"[(393, 29.62618893739034), (395, 33.32214981683893)]"
395,"[(394, 33.32214981683893)]"
396,"[(397, 7.966422635609393), (398, 9.9423957214531)]"
397,"[(496, 4.5250621550599615)]"
398,[]
399,"[(400, 10.087854338144918), (401, 23.643008026787047)]"
400,"[(507, 12.112655910189382)]"
401,"[(500, 7.3019295796384345)]"
402,"[(184, 30.267332959824973)]"
403,"[(302, 20.216758158770954), (404, 4.200133723020716)]"
404,"[(692, 2.3635467936277883), (403, 4.200133723020716)]"
405,"[(406, 7.015447097129085), (407, 13.308837878377496)]"
406,"[(714, 10.402823017297479), (405, 7.015447097129085), (697, 5.206910592206056)]"
407,"[(405, 13.308837878377496), (713, 8.327797364959876)]"
408,"[(409, 22.479965769400668)]"
409,"[(491, 8.62728302729894)]"
410,"[(402, 47.77686957078915)]"
411,"[(433, 8.595961637047603), (52, 54.456984192892605)]"
412,"[(413, 22.84544118530508), (76, 13.51261896492272)]"
413,"[(412, 22.84544118530508), (414, 43.123751633512555)]"
414,"[(413, 43.123751633512555), (415, 8.881741638127304)]"
415,"[(414, 8.881741638127304), (416, 8.844398029230467)]"
416,"[(415, 8.844398029230467), (108, 61.283799201036665)]"
417,"[(534, 5.456025577172039)]"
418,"[(686, 82.78148861691548), (108, 14.264953521943125)]"
419,"[(108, 31.809115511172735)]"
420,"[(421, 53.77699356068888)]"
421,"[(420, 53.77699356068888), (422, 67.45374274564584), (80, 43.83621833285219)]"
422,"[(421, 67.45374274564584)]"
423,"[(424, 13.992028151093937)]"
424,"[(423, 13.992028151093937), (297, 33.020741515035496), (428, 40.29386554760321)]"
425,"[(426, 11.685332084269525), (427, 31.932340373690828)]"
426,"[(678, 4.670173857686626), (425, 11.685332084269525)]"
427,"[(425, 31.932340373690828), (429, 3.7755633949989633)]"
428,"[(429, 9.026483256004639), (430, 30.17086904669915), (424, 40.29386554760321)]"
429,"[(427, 3.7755633949989633), (428, 9.026483256004639)]"
430,"[(428, 30.17086904669915), (296, 7.107245456519521)]"
431,"[(563, 58.773602416824254), (664, 12.939681402197168)]"
432,"[(433, 15.988917396653427), (434, 45.322903927585536), (435, 15.305923241446253)]"
433,"[(432, 15.988917396653427), (411, 8.595961637047603)]"
434,"[(48, 10.914013437425387)]"
435,"[(432, 15.305923241446253), (587, 12.285957958065584)]"
436,"[(437, 15.884747992593383)]"
437,"[(436, 15.884747992593383), (438, 33.302504769585155)]"
438,"[(437, 33.302504769585155), (439, 79.68054385086525), (34, 33.19662438026184)]"
439,"[(37, 27.77276316331646), (535, 58.408207247292594), (438, 79.68054385086525), (540, 52.67312056175894)]"
440,"[(444, 4.236702534170977)]"
441,"[(451, 6.748577225387503), (452, 77.23540380083097)]"
442,"[(443, 2.7521448295758963)]"
443,"[(510, 3.8473818273982308)]"
444,"[(445, 4.856570808548327)]"
445,"[(446, 2.8308045448620516)]"
446,"[(477, 3.5411897651414623)]"
447,"[(448, 7.485868799102517)]"
448,"[(340, 7.871916983585042)]"
449,"[(450, 3.8238862421783812)]"
450,"[(447, 5.958253899345067)]"
451,"[(449, 4.854229150253521)]"
452,"[(777, 50)]"
453,"[(272, 21.734274117078932)]"
454,"[(455, 27.88913234734693)]"
455,"[(454, 27.88913234734693), (456, 33.56139228366694)]"
456,"[(457, 42.61146218053802), (458, 18.784022200028296), (455, 33.56139228366694)]"
457,"[(646, 33.43821661820374), (456, 42.61146218053802), (650, 21.32898544435006)]"
458,"[(456, 18.784022200028296), (519, 23.512259481029083), (658, 41.546747545365314), (659, 43.89554068018398)]"
459,"[(460, 26.39972286732348)]"
460,"[(459, 26.39972286732348), (461, 1.5516075510715426)]"
461,"[(460, 1.5516075510715426), (462, 1.7540655099572229), (652, 11.168279615295551)]"
462,"[(461, 1.7540655099572229), (463, 5.176125249738571)]"
463,"[(462, 5.176125249738571), (464, 28.44322716153753)]"
464,"[(463, 28.44322716153753), (62, 93.25740223967566)]"
465,"[(275, 23.917031089905667), (466, 4.475312582478324)]"
466,"[(465, 4.475312582478324), (468, 4.276954364594647)]"
467,"[(468, 14.834042820744928), (469, 7.048276487104522)]"
468,"[(466, 4.276954364594647), (467, 14.834042820744928)]"
469,"[(467, 7.048276487104522), (470, 21.78193460691998)]"
470,"[(469, 21.78193460691998), (471, 26.379581755963667)]"
471,"[(273, 52.35979599516343), (470, 26.379581755963667)]"
472,"[(269, 8.057157912376924), (473, 16.51754324759345)]"
473,"[(472, 16.51754324759345), (474, 12.219569186576008)]"
474,"[(473, 12.219569186576008), (475, 10.614143551916905)]"
475,"[(474, 10.614143551916905), (139, 7.194967361376411)]"
476,"[(290, 5.196552800187905)]"
477,"[(478, 3.2457363088453084)]"
478,"[(442, 2.6726608585197695)]"
479,"[(480, 65.27601470634043)]"
480,"[(314, 55.29914313783322)]"
481,"[(517, 9.54172441934141)]"
482,"[(347, 9.422121482077447), (346, 11.108837005645496)]"
483,"[(482, 31.314126458230582)]"
484,"[(485, 5.398994598852293)]"
485,"[(348, 31.181865373133245), (352, 33.987282449018196)]"
486,"[(484, 4.7057244935536655)]"
487,"[(81, 20.005019687495302), (488, 10.131928517589307)]"
488,"[(84, 19.917176341117447), (287, 12.62958673397368), (487, 10.131928517589307)]"
489,"[(487, 43.17891965349297)]"
490,"[(499, 12.36836781889154), (489, 16.055571968838496)]"
491,"[(492, 24.417060698138446)]"
492,"[(502, 45.770894487173706)]"
493,"[(491, 3.3280064075390587)]"
494,"[(493, 3.5386776699283904)]"
495,"[(494, 4.423414231710036)]"
496,"[(495, 4.896096296707864)]"
497,"[(498, 12.85185482659497)]"
498,"[(497, 12.85185482659497)]"
499,"[(488, 58.336555559234476), (490, 12.36836781889154)]"
500,"[(501, 15.91225437700536)]"
501,"[(408, 8.029227349216043)]"
502,"[(282, 16.133137616675473)]"
503,"[(504, 1.7533321605533945)]"
504,"[(492, 17.74564400876071)]"
505,"[(503, 12.489752852789275)]"
506,"[(505, 11.034692152185823)]"
507,"[(506, 9.699287119210254)]"
508,"[(778, 50)]"
509,"[(71, 9.48010396705776)]"
510,"[(476, 4.6039226368627775)]"
511,"[(512, 13.781388796178133)]"
512,"[(85, 11.531151121341834)]"
513,"[(399, 20.585352709099865)]"
514,"[(515, 9.776281964071776)]"
515,"[(654, 47.560040795831895), (464, 35.81191613465763)]"
516,"[(1, 10.427946921470935)]"
517,"[(288, 10.796497627230591)]"
518,"[(511, 10.596140636562788)]"
519,"[(458, 23.512259481029083), (7, 50.48523509529139), (661, 42.69297702966502)]"
520,"[(565, 39.97064029548046), (564, 26.79200834821293)]"
521,"[(638, 12.37160736484682), (24, 39.42393353419263), (632, 23.88355369187733), (639, 26.308010354488466)]"
522,"[(558, 28.04180722160026), (22, 15.213964539969368), (567, 23.18476635806977)]"
523,"[(55, 31.704435096992558), (549, 22.40548894093097), (548, 26.41447283689736)]"
524,"[(11, 32.813607798917985), (688, 3.526191284811176)]"
525,"[(261, 10.88926401096876)]"
526,"[(527, 9.37852878105009), (528, 23.959247079327934)]"
527,"[(525, 38.27847361321413), (526, 9.37852878105009)]"
528,"[(526, 23.959247079327934)]"
529,"[(530, 2.8609096675827117)]"
530,"[(529, 2.8609096675827117), (531, 2.479040186546956)]"
531,"[(530, 2.479040186546956), (532, 29.52244997768641)]"
532,"[(295, 15.187467948965072), (531, 29.52244997768641)]"
533,"[(107, 15.46685802569631)]"
534,"[(533, 5.81628372903604)]"
535,"[(439, 58.408207247292594)]"
536,"[(235, 25.67600289216621)]"
537,"[(32, 11.341453491835573), (569, 24.770754698453853), (628, 20.402276179397237)]"
538,"[(542, 30.479478038926057), (33, 21.354410646126386), (574, 8.345853434462292)]"
539,"[(39, 41.43164938175012), (31, 10.917072155978436)]"
540,"[(41, 32.85567477322867), (439, 52.67312056175894)]"
541,"[(532, 71.40602055303253)]"
542,"[(53, 47.518503932749944), (538, 30.479478038926057), (576, 45.72048217134717)]"
543,"[(508, 10.060565093079587)]"
544,"[(201, 8.45801946010336), (203, 7.824766793558077)]"
545,"[(603, 24.788028285984772), (198, 24.295608205164942)]"
546,"[(683, 65.34156153141045)]"
547,"[(299, 5.111209244062194), (719, 13.894621051128718), (708, 19.95297709702535)]"
548,"[(523, 26.41447283689736)]"
549,"[(523, 22.40548894093097), (558, 14.376680387828916), (559, 29.53724869548257)]"
550,"[(551, 20.140148403812955)]"
551,"[(552, 16.39181902968224), (550, 20.140148403812955)]"
552,"[(3, 12.568989583973247), (655, 35.158444391886555)]"
553,"[(554, 20.595233830984846)]"
554,"[(551, 8.504729818509771), (553, 20.595233830984846)]"
555,"[(556, 15.827142045305587), (20, 3.298117418640395)]"
556,"[(555, 15.827142045305587)]"
557,"[(558, 25.74369674564862)]"
558,"[(549, 14.376680387828916), (522, 28.04180722160026), (557, 25.74369674564862)]"
559,"[(549, 29.53724869548257)]"
560,"[(561, 18.757759872034057)]"
561,"[(527, 5.185845831869414), (560, 18.757759872034057)]"
562,"[(563, 18.768082009412954)]"
563,"[(561, 9.028846863026162), (562, 18.768082009412954)]"
564,"[(520, 26.79200834821293)]"
565,"[(554, 4.54266902876247), (566, 20.926733790776552)]"
566,"[(565, 20.926733790776552)]"
567,"[(522, 23.18476635806977)]"
568,"[(569, 2.9402858102841103), (29, 33.006929180953726), (570, 23.59044707237503)]"
569,"[(537, 24.770754698453853), (568, 2.9402858102841103), (625, 30.097407877686)]"
570,"[(571, 8.635144496778997), (568, 23.59044707237503)]"
571,"[(572, 5.955284200005544), (570, 8.635144496778997)]"
572,"[(573, 10.20200361992017), (571, 5.955284200005544)]"
573,"[(572, 10.20200361992017)]"
574,"[(575, 8.943224837280198), (538, 8.345853434462292)]"
575,"[(574, 8.943224837280198)]"
576,"[(577, 9.79483028853329), (542, 45.72048217134717), (580, 9.820719481447904)]"
577,"[(578, 29.95739369734745), (576, 9.79483028853329), (579, 25.188985013567358)]"
578,"[(577, 29.95739369734745)]"
579,"[(587, 8.853417425373744), (577, 25.188985013567358)]"
580,"[(581, 6.962328381610959), (576, 9.820719481447904), (583, 7.559649270735926)]"
581,"[(582, 49.27255683636017), (580, 6.962328381610959)]"
582,"[(581, 49.27255683636017)]"
583,"[(584, 14.315803021801266), (580, 7.559649270735926), (585, 10.559009460728968)]"
584,"[(583, 14.315803021801266)]"
585,"[(586, 11.9054689714912), (583, 10.559009460728968)]"
586,"[(585, 11.9054689714912)]"
587,"[(435, 12.285957958065584), (579, 8.853417425373744)]"
588,"[(432, 13.365844520418067), (589, 22.233926258072966)]"
589,"[(588, 22.233926258072966)]"
590,"[(588, 25.396885861442048), (591, 16.761845024011016)]"
591,"[(590, 16.761845024011016)]"
592,"[(593, 13.448931135160361), (50, 21.75528650578836)]"
593,"[(592, 13.448931135160361)]"
594,"[(595, 3.5071673073667995), (303, 11.448674380327585)]"
595,"[(596, 42.79077815325328), (594, 3.5071673073667995)]"
596,"[(597, 15.748763604080954), (595, 42.79077815325328), (605, 14.43494865089434)]"
597,"[(245, 19.52573554373407), (598, 42.696155939202164), (596, 15.748763604080954)]"
598,"[(597, 42.696155939202164), (249, 15.490865638508327), (599, 14.922816853684795)]"
599,"[(598, 14.922816853684795), (603, 2.7093660511859716)]"
600,"[(199, 11.445538894003116), (601, 31.268164190855153)]"
601,"[(600, 31.268164190855153), (602, 6.544320196557008)]"
602,"[(601, 6.544320196557008), (251, 42.773251143409865)]"
603,"[(599, 2.7093660511859716), (545, 24.788028285984772)]"
604,"[(192, 18.8322487818408), (605, 7.752950743571693)]"
605,"[(604, 7.752950743571693), (596, 14.43494865089434)]"
606,"[(247, 37.83181351979228)]"
607,"[(608, 7.348213814425608)]"
608,"[(607, 7.348213814425608), (246, 37.908024054908644)]"
609,"[(610, 23.57049416361902), (611, 31.91809767502485)]"
610,"[(61, 10.504343349142626), (609, 23.57049416361902), (612, 28.99691177600155)]"
611,"[(609, 31.91809767502485)]"
612,"[(610, 28.99691177600155)]"
613,"[(61, 30.921676345701172)]"
614,"[(61, 26.75303753757516)]"
615,"[(616, 19.039599137553267)]"
616,"[(615, 19.039599137553267), (617, 6.151963212957715), (618, 31.22523838032702)]"
617,"[(616, 6.151963212957715)]"
618,"[(619, 9.600407415106774), (616, 31.22523838032702)]"
619,"[(59, 29.45894370596218), (618, 9.600407415106774), (622, 27.551314369789146)]"
620,"[(59, 38.35418010761116)]"
621,"[(622, 9.09184167955326)]"
622,"[(621, 9.09184167955326), (619, 27.551314369789146)]"
623,"[(624, 16.335282353945566)]"
624,"[(623, 16.335282353945566), (29, 22.259730816625087)]"
625,"[(569, 30.097407877686), (626, 17.53362046417252)]"
626,"[(625, 17.53362046417252), (627, 9.06590968832484)]"
627,"[(626, 9.06590968832484), (628, 8.234365484689889)]"
628,"[(627, 8.234365484689889), (537, 20.402276179397237)]"
629,"[(51, 42.541954047220905)]"
630,"[(51, 40.33041894834125)]"
631,"[(265, 37.89378148079872), (632, 44.32371450262178)]"
632,"[(631, 44.32371450262178), (633, 9.336770560615578), (521, 23.88355369187733)]"
633,"[(637, 11.236165459791739), (634, 10.380778802474504), (632, 9.336770560615578)]"
634,"[(635, 11.15979444440482), (636, 4.479589070863954), (633, 10.380778802474504)]"
635,"[(634, 11.15979444440482), (637, 11.267565964607703)]"
636,"[(634, 4.479589070863954)]"
637,"[(635, 11.267565964607703), (633, 11.236165459791739)]"
638,"[(28, 17.673939250976588), (521, 12.37160736484682), (641, 26.91535985027579)]"
639,"[(521, 26.308010354488466)]"
640,"[(641, 8.979232005649704)]"
641,"[(640, 8.979232005649704), (638, 26.91535985027579)]"
642,"[(28, 22.117823994674485)]"
643,"[(60, 42.118604221816966)]"
644,"[(645, 38.10390097033973)]"
645,"[(646, 12.056494658091715), (644, 38.10390097033973)]"
646,"[(645, 12.056494658091715), (457, 33.43821661820374), (647, 42.02258790740179)]"
647,"[(646, 42.02258790740179)]"
648,"[(649, 24.355029229952116)]"
649,"[(648, 24.355029229952116), (650, 8.990215218414537)]"
650,"[(649, 8.990215218414537), (457, 21.32898544435006)]"
651,"[(652, 28.38243588148138)]"
652,"[(651, 28.38243588148138), (461, 11.168279615295551)]"
653,"[(65, 47.09852655635971)]"
654,"[(515, 47.560040795831895)]"
655,"[(552, 35.158444391886555)]"
656,"[(657, 31.688715049109355)]"
657,"[(656, 31.688715049109355), (658, 7.052126527351407)]"
658,"[(657, 7.052126527351407), (458, 41.546747545365314)]"
659,"[(458, 43.89554068018398), (660, 15.995110324835675), (661, 20.010578778295923)]"
660,"[(659, 15.995110324835675)]"
661,"[(659, 20.010578778295923), (519, 42.69297702966502)]"
662,"[(663, 10.84726868661095)]"
663,"[(662, 10.84726868661095)]"
664,"[(431, 12.939681402197168), (665, 3.253244018495515)]"
665,"[(664, 3.253244018495515), (666, 1.8906245361382978)]"
666,"[(665, 1.8906245361382978), (667, 2.046125450129806)]"
667,"[(666, 2.046125450129806), (668, 2.6708932085898467)]"
668,"[(667, 2.6708932085898467), (669, 11.630366027538845)]"
669,"[(668, 11.630366027538845), (670, 9.056901110002217)]"
670,"[(669, 9.056901110002217), (671, 6.27516386196376)]"
671,"[(670, 6.27516386196376), (672, 7.7738204865021)]"
672,"[(671, 7.7738204865021), (673, 4.05908609317996)]"
673,"[(672, 4.05908609317996), (674, 2.8721220206517555)]"
674,"[(673, 2.8721220206517555), (675, 4.316855832338004)]"
675,"[(674, 4.316855832338004), (676, 6.813435019111626)]"
676,"[(675, 6.813435019111626), (677, 4.912654311906975)]"
677,"[(676, 4.912654311906975), (678, 3.2927164660782897)]"
678,"[(677, 3.2927164660782897), (426, 4.670173857686626)]"
679,"[(317, 34.9593755729542)]"
680,"[(322, 13.376092526080166)]"
681,"[(682, 21.432401396585043)]"
682,"[(681, 21.432401396585043), (691, 4.284252860330379)]"
683,"[(684, 12.726817639395017)]"
684,"[(685, 2.0451180089481906),(683, 2.0451180089481906)]"
685,"[(687, 2.9889023891603843)]"
686,"[(418, 82.78148861691548)]"
687,"[(89, 6.605182851251601) ,( 708 , 10.0)]"
688,"[(689, 3.4923964214205814)]"
689,"[(690, 2.063705301410323)]"
690,"[(12, 4.567797889802789)]"
691,"[(682, 4.284252860330379), (704, 5.685101200191354), (703, 4.5358871181376195), (705, 6.535442232045636)]"
692,"[(693, 1.569098732705909), (404, 2.3635467936277883)]"
693,"[(694, 1.6361626513566516), (692, 1.569098732705909)]"
694,"[(695, 16.400292795366457), (693, 1.6361626513566516)]"
695,"[(696, 3.1680963384242027), (694, 16.400292795366457), (714, 5.835335986079244)]"
696,"[(697, 7.105134153019409), (695, 3.1680963384242027)]"
697,"[(698, 12.88615210046295), (696, 7.105134153019409), (406, 5.206910592206056)]"
698,"[(699, 21.06321022406685), (697, 12.88615210046295)]"
699,"[(700, 2.3093448926991944), (698, 21.06321022406685), (712, 5.617838849234163)]"
700,"[(701, 8.266712397532828), (699, 2.3093448926991944)]"
701,"[(702, 8.273219208077377), (700, 8.266712397532828)]"
702,"[(703, 5.1817863260479395), (701, 8.273219208077377)]"
703,"[(691, 4.5358871181376195), (702, 5.1817863260479395)]"
704,"[(706, 4.979910011782052), (691, 5.685101200191354)]"
705,"[(709, 6.4925475360775895), (691, 6.535442232045636)]"
706,"[(707, 12.427782694375495), (704, 4.979910011782052)]"
707,"[(708, 44.9824433664639), (706, 12.427782694375495)]"
708,"[(547, 19.95297709702535), (707, 44.9824433664639)]"
709,"[(710, 6.140998870837953), (705, 6.4925475360775895)]"
710,"[(711, 6.23996531339439), (709, 6.140998870837953)]"
711,"[(712, 4.967388534856632), (710, 6.23996531339439)]"
712,"[(713, 4.795600421026811), (711, 4.967388534856632), (699, 5.617838849234163)]"
713,"[(407, 8.327797364959876), (712, 4.795600421026811)]"
714,"[(715, 3.944686694768916), (406, 10.402823017297479), (695, 5.835335986079244)]"
715,"[(716, 5.180200316764556), (714, 3.944686694768916)]"
716,"[(717, 8.142525717607423), (715, 5.180200316764556)]"
717,"[(718, 6.361421536652169), (716, 8.142525717607423)]"
718,"[(302, 4.888830044518188), (717, 6.361421536652169)]"
719,"[(720, 23.024806305601665), (547, 13.894621051128718)]"
720,"[(721, 34.789557321883414), (719, 23.024806305601665)]"
721,"[(720, 34.789557321883414)]"
722,"[(723, 14.860972485369762)]"
723,"[(724, 9.999453456532075)]"
724,"[(725, 20.21043300754794)]"
725,"[(726, 15.74283770059431)]"
726,"[(504, 17.80632479931547)]"
727,"[(228, 7.724080978162545), (728, 16.870177177720585)]"
728,"[(727, 16.870177177720585), (732, 36.12542524678285)]"
729,"[(730, 21.84095904249178), (157, 20.2680056822075)]"
730,"[(731, 21.12992638868076), (729, 21.84095904249178)]"
731,"[(732, 37.981178161589185), (730, 21.12992638868076)]"
732,"[(728, 36.12542524678285), (731, 37.981178161589185)]"
733,"[(516, 6.9296964530336265)]"
734,"[(738, 7.10270483852516), (739, 3.1200108443932564)]"
735,"[(330, 16.075473444421984), (335, 7.028188435704807), (736, 3.93112817864221)]"
736,"[(746, 5.311681685465631)]"
737,"[(509, 84.51637310593762)]"
738,"[(391, 27.287541644737246)]"
739,"[(740, 1.5503711483665021)]"
740,"[(741, 1.4964924190220354)]"
741,"[(742, 2.3838322351633514)]"
742,"[(743, 2.732828625655815)]"
743,"[(744, 1.8361041693351978)]"
744,"[(745, 1.7347660550290944)]"
745,"[(335, 3.3586803331728845)]"
746,"[(747, 5.471068428409549)]"
747,"[(748, 5.23081569488808)]"
748,"[(737, 4.667133240182395)]"
749,[]
750,[]
751,[]
752,[]
753,[]
754,[]
755,[]
756,[]
757,"[(6, 5550000.0000312235)]"
758,"[(54, 5549999.999999458)]"
759,"[(15, 5550000.000033577)]"
760,"[(14, 5550000.000033577)]"
761,"[(100, 5549999.99999517)]"
762,"[(97, 5549999.99999517)]"
763,"[(256, 5550000.0000036955)]"
764,"[(524, 5550000.000009838)]"
765,"[(766, 50)]"
766,"[(767, 50)]"
767,"[(768, 50)]"
768,"[(337, 5550000.00000526)]"
769,"[(289, 5550000.00001752)]"
770,"[(771, 50)]"
771,"[(333, 5549999.99998745)]"
772,"[(773, 50)]"
773,"[(331, 5549999.99998745)]"
774,"[(284, 5549999.99999802)]"
775,"[(340, 5550000.000035916)]"
776,"[(339, 5550000.000035916)]"
777,"[(483, 5549999.999974962)]"
778,"[(16, 5549999.999991618)]"
